,18
0,0.0
1,0.0
2,0.0
3,0.0
4,0.0
5,0.0
6,0.0
7,0.0
8,0.0
9,0.0
10,0.0
11,0.0
12,0.0
13,0.0
14,0.0
15,0.0
16,0.0
17,0.0
18,0.0
19,0.0
20,0.0
21,0.0
22,0.0
23,0.0
24,0.0
25,0.0
26,0.0
27,0.0
28,0.0
29,0.0
30,0.0
31,0.0
32,0.0
33,0.0
34,0.0
35,0.0
36,0.0
37,0.0
38,0.0
39,0.0
40,0.0
41,0.0
42,0.0
43,0.0
44,0.0
45,0.0
46,0.0
47,0.0
48,0.0
49,0.0
50,0.0
51,0.0
52,0.0
53,0.0
54,0.0
55,0.0
56,0.0
57,0.0
58,0.0
59,0.0
60,0.0
61,0.0
62,0.0
63,0.0
64,0.0
65,0.0
66,0.0
67,0.0
68,0.0
69,0.0
70,0.0
71,0.0
72,0.0
73,0.0
74,0.0
75,0.0
76,0.0
77,0.0
78,0.0
79,0.0
80,0.0
81,0.0
82,0.0
83,0.0
84,0.0
85,0.0
86,0.0
87,0.0
88,0.0
89,0.0
90,0.0
91,0.0
92,0.0
93,0.0
94,0.0
95,0.0
96,0.0
97,0.0
98,0.0
99,0.0
100,0.0
101,0.0
102,0.0
103,0.0
104,0.0
105,0.0
106,0.0
107,0.0
108,0.0
109,2.5e-05
110,0.0
111,0.0
112,0.0
113,2.5e-05
114,2.5e-05
115,0.0
116,0.0001
117,5e-05
118,5e-05
119,5e-05
120,7.500000000000001e-05
121,0.0001
122,0.00015000000000000001
123,0.00025
124,0.0003250000000000001
125,0.00017500000000000003
126,0.000275
127,0.00025
128,0.00045
129,0.00055
130,0.0005250000000000001
131,0.00047500000000000005
132,0.00055
133,0.0006500000000000002
134,0.0009000000000000001
135,0.0008500000000000001
136,0.0009750000000000001
137,0.001125
138,0.001025
139,0.001125
140,0.001525
141,0.0011
142,0.001875
143,0.001875
144,0.001925
145,0.0023
146,0.001975
147,0.0021500000000000004
148,0.0025250000000000003
149,0.0029249999999999996
150,0.0023000000000000004
151,0.0020499999999999997
152,0.0024000000000000002
153,0.00275
154,0.002525
155,0.0025
156,0.0029750000000000006
157,0.00315
158,0.0029249999999999996
159,0.00335
160,0.0040999999999999995
161,0.004025
162,0.004175
163,0.0038750000000000004
164,0.00385
165,0.0042250000000000005
166,0.004225
167,0.00445
168,0.0045
169,0.0047
170,0.004900000000000001
171,0.00405
172,0.0054
173,0.005300000000000001
174,0.005699999999999999
175,0.005025
176,0.005125
177,0.006275
178,0.006849999999999999
179,0.005925000000000001
180,0.004275
181,0.0046500000000000005
182,0.006149999999999999
183,0.00675
184,0.005600000000000001
185,0.008725
186,0.0069500000000000004
187,0.008025000000000001
188,0.007350000000000001
189,0.005575
190,0.007325
191,0.008025
192,0.00745
193,0.007275
194,0.0079
195,0.0075250000000000004
196,0.006050000000000001
197,0.0072250000000000005
198,0.007875
199,0.007274999999999999
200,0.007625
201,0.00795
202,0.006875
203,0.008925
204,0.010124999999999999
205,0.009975
206,0.006775000000000001
207,0.008425
208,0.00825
209,0.008475
210,0.009025
211,0.0069
212,0.008199999999999999
213,0.0087
214,0.010025000000000003
215,0.009
216,0.009174999999999999
217,0.009474999999999999
218,0.007600000000000001
219,0.007125
220,0.01015
221,0.009375
222,0.010124999999999999
223,0.00895
224,0.0088
225,0.010125
226,0.0070999999999999995
227,0.008575
228,0.008475
229,0.008425
230,0.00815
231,0.010275
232,0.008674999999999999
233,0.006999999999999999
234,0.00845
235,0.0074
236,0.0076500000000000005
237,0.007175
238,0.009425
239,0.008174999999999998
240,0.008499999999999999
241,0.008199999999999999
242,0.00565
243,0.009499999999999998
244,0.008774999999999998
245,0.007925000000000001
246,0.008150000000000001
247,0.00815
248,0.006925000000000001
249,0.008075
250,0.0087
251,0.006525
252,0.006275
253,0.006575
254,0.007299999999999999
255,0.007925
256,0.005399999999999999
257,0.00795
258,0.008125
259,0.00745
260,0.007749999999999999
261,0.006274999999999999
262,0.006875
263,0.007350000000000001
264,0.006125
265,0.0062499999999999995
266,0.006025
267,0.00555
268,0.007125
269,0.006549999999999999
270,0.0047
271,0.005699999999999999
272,0.006699999999999999
273,0.00525
274,0.0058249999999999994
275,0.004775
276,0.00545
277,0.00545
278,0.004924999999999999
279,0.00625
280,0.005525
281,0.005075
282,0.005499999999999999
283,0.004424999999999999
284,0.004175
285,0.004699999999999999
286,0.004574999999999999
287,0.005325
288,0.004
289,0.0036500000000000005
290,0.003975
291,0.0070999999999999995
292,0.004325
293,0.004599999999999999
294,0.00555
295,0.004275
296,0.0045249999999999995
297,0.0052
298,0.003675
299,0.0048
300,0.0033499999999999997
301,0.0028749999999999995
302,0.0024999999999999996
303,0.0029
304,0.0028000000000000004
305,0.0032249999999999996
306,0.003974999999999999
307,0.00345
308,0.0029
309,0.004499999999999999
310,0.0029249999999999996
311,0.00375
312,0.0031249999999999997
313,0.00385
314,0.0021499999999999996
315,0.0035499999999999998
316,0.003725
317,0.0030999999999999995
318,0.002675
319,0.002525
320,0.00285
321,0.002325
322,0.0017749999999999999
323,0.0039
324,0.002775
325,0.0029999999999999996
326,0.0020999999999999994
327,0.0015749999999999998
328,0.0030999999999999995
329,0.0031499999999999996
330,0.0030749999999999996
331,0.0031499999999999996
332,0.002325
333,0.0032749999999999997
334,0.002775
335,0.003325
336,0.0014499999999999997
337,0.0017749999999999999
338,0.0018
339,0.0029749999999999998
340,0.0024749999999999998
341,0.0020999999999999994
342,0.00165
343,0.001925
344,0.0028499999999999997
345,0.0022249999999999995
346,0.0020999999999999994
347,0.002825
348,0.0011749999999999998
349,0.002025
350,0.0017
351,0.0011249999999999997
352,0.0011249999999999997
353,0.002175
354,0.0021249999999999997
355,0.0025499999999999997
356,0.0012749999999999999
357,0.001825
358,0.0007
359,0.0019749999999999998
360,0.0015
361,0.0014499999999999997
362,0.0025499999999999997
363,0.002175
364,0.000275
365,0.001475
366,0.0019499999999999997
367,0.0019999999999999996
368,0.0009
369,0.000725
370,0.000975
371,0.00095
372,0.0021249999999999997
373,0.0019749999999999998
374,0.0019749999999999998
375,0.0010999999999999996
376,0.0017749999999999999
377,0.0015999999999999999
378,0.000725
379,0.0010499999999999997
380,0.001625
381,0.0010999999999999998
382,0.000725
383,0.00022499999999999997
384,0.0017749999999999999
385,0.0015999999999999999
386,0.0007999999999999999
387,0.000875
388,0.000875
389,0.000975
390,0.0007
391,0.0010749999999999998
392,0.00025
393,0.0012499999999999998
394,0.0012499999999999998
395,0.000725
396,0.0014
397,0.000725
398,0.0009
399,0.0009
400,0.0010499999999999997
401,0.000875
402,0.000725
403,0.0005249999999999999
404,0.0012749999999999999
405,0.000375
406,0.001225
407,0.00019999999999999998
408,0.0007
409,0.0007
410,0.000725
411,0.000375
412,0.0005499999999999999
413,0.0005249999999999999
414,0.000725
415,0.0
416,0.0005249999999999999
417,0.0010499999999999997
418,0.00035
419,0.000375
420,0.0007
421,0.00035
422,0.00035
423,0.0009
424,0.000875
425,0.00035
426,0.000175
427,0.0005249999999999999
428,0.00035
429,0.00035
430,0.0
431,0.00035
432,0.000875
433,0.00035
434,0.0007
435,0.00035
436,0.0014
437,0.000875
438,2.5e-05
439,0.000175
440,0.00035
441,0.000175
442,0.0005249999999999999
443,0.000175
444,0.000175
445,0.0005249999999999999
446,0.00035
447,0.0
448,0.000175
449,0.000175
450,0.00019999999999999998
451,0.00035
452,0.000175
453,0.0005249999999999999
454,0.0
455,0.00035
456,0.00035
457,0.0
458,0.000175
459,0.00035
460,0.000175
461,0.000175
462,0.0
463,0.0005249999999999999
464,0.0005249999999999999
465,0.0
466,0.0007
467,0.00035
468,0.00035
469,0.00035
470,0.0
471,0.0
472,0.000375
473,0.0005249999999999999
474,0.00035
475,0.00035
476,0.000175
477,0.000175
478,0.0
479,0.0
480,0.0
481,0.0005249999999999999
482,0.000175
483,0.0
484,0.00019999999999999998
485,0.000175
486,0.0
487,0.000175
488,0.0
489,0.0
490,0.00035
491,0.00035
492,0.0
493,0.0005249999999999999
494,0.0
495,0.0
496,0.000175
497,0.0
498,0.0
499,0.000175
500,0.0
501,0.00035
502,0.0
503,0.000175
504,0.0
505,0.000175
506,0.0
507,0.00035
508,0.000175
509,0.000175
510,0.0
511,0.0
512,0.000175
513,0.0
514,0.000175
515,0.000175
516,0.0
517,0.0
518,0.0
519,0.000175
520,0.0
521,0.000175
522,0.000175
523,0.000175
524,0.00035
525,0.000175
526,0.000175
527,0.0
528,0.0
529,0.0
530,0.0
531,0.0
532,0.0
533,0.00035
534,0.0
535,0.0
536,0.0
537,0.0
538,0.0
539,0.000175
540,0.000175
541,0.0
542,0.0
543,0.000175
544,0.000175
545,0.0
546,0.0
547,0.0
548,0.0
549,0.0
550,0.0
551,0.0
552,0.0
553,0.0
554,0.0
555,0.0
556,0.0
557,0.0
558,0.0
559,0.0
560,0.000175
561,0.0
562,0.000175
563,0.0
564,0.0
565,0.0
566,0.0
567,0.0
568,0.000175
569,0.0
570,0.0
571,0.0
572,0.00035
573,0.0
574,0.000175
575,0.0
576,0.0
577,0.0
578,0.0
579,0.0
580,0.0
581,0.0
582,0.0
583,0.0
584,0.0
585,0.00035
586,0.000175
587,0.0
588,0.0
589,0.0
590,0.0
591,0.0
592,0.0
593,0.0
594,0.0
595,0.0
596,0.0
597,0.0
598,0.0
599,0.0
600,0.0
601,0.0
602,0.000175
603,0.000175
604,0.0
605,0.000175
606,0.0
607,0.0
608,0.000175
609,0.0
610,0.0
611,0.0
612,0.0
613,0.0
614,0.0
615,0.0
616,0.000175
617,0.0
618,0.000175
619,0.0
620,0.0
621,0.0
622,0.0
623,0.0
624,0.0
625,0.000175
626,0.000175
627,0.0
628,0.0
629,0.0
630,0.0
631,0.0
632,0.000175
633,0.0
634,0.0
635,0.0
636,0.0
637,0.0
638,0.0
639,0.0
640,0.0
641,0.0
642,0.0
643,0.0
644,0.0
645,0.000175
646,0.0
647,0.0
648,0.0
649,0.0
650,0.0
651,0.0
652,0.0
653,0.0
654,0.0
655,0.0
656,0.0
657,0.0
658,0.0
659,0.0
660,0.0
661,0.0
662,0.0
663,0.0
664,0.0
665,0.0
666,0.0
667,0.0
668,0.0
669,0.0
670,0.0
671,0.0
672,0.0
673,0.0
674,0.0
675,0.0
676,0.000175
677,0.0
678,0.0
679,0.0
680,0.0
681,0.0
682,0.0
683,0.0
684,0.0
685,0.0
686,0.0
687,0.0
688,0.0
689,0.000175
690,0.0
691,0.0
692,0.0
693,0.000175
694,0.0
695,0.0
696,0.0
697,0.0
698,0.0
699,0.0
700,0.0
701,0.0
702,0.0
703,0.0
704,0.0
705,0.0
706,0.0
707,0.0
708,0.0
709,0.0
710,0.0
711,0.0
712,0.0
713,0.0
714,0.0
715,0.0
716,0.0
717,0.0
718,0.0
719,0.0
720,0.0
721,0.0
722,0.0
723,0.0
724,0.0
725,0.0
726,0.0
727,0.0
728,0.0
729,0.0
730,0.0
731,0.0
732,0.0
733,0.0
734,0.0
735,0.0
736,0.0
737,0.0
738,0.0
739,0.0
740,0.0
741,0.0
742,0.0
743,0.0
744,0.0
745,0.0
746,0.0
747,0.0
748,0.0
749,0.0
750,0.0
751,0.0
752,0.0
753,0.0
754,0.0
755,0.0
756,0.0
757,0.0
758,0.0
759,0.0
760,0.000175
761,0.0
762,0.0
763,0.0
764,0.0
765,0.0
766,0.0
767,0.0
768,0.0
769,0.0
770,0.0
771,0.0
772,0.0
773,0.0
774,0.0
775,0.0
776,0.0
777,0.0
778,0.0
779,0.0
780,0.0
781,0.0
782,0.0
783,0.0
784,0.0
785,0.0
786,0.0
787,0.0
788,0.0
789,0.0
790,0.0
791,0.0
792,0.0
793,0.0
794,0.0
795,0.0
796,0.0
797,0.0
798,0.0
799,0.0
800,0.000175
801,0.0
802,0.0
803,0.0
804,0.0
805,0.0
806,0.0
807,0.0
808,0.0
809,0.0
810,0.0
811,0.0
812,0.0
813,0.0
814,0.0
815,0.0
816,0.0
817,0.0
818,0.0
819,0.0
820,0.0
821,0.0
822,0.0
823,0.0
824,0.0
825,0.0
826,0.0
827,0.0
828,0.0
829,0.0
830,0.0
831,0.0
832,0.0
833,0.0
834,0.0
835,0.0
836,0.0
837,0.0
838,0.0
839,0.0
840,0.0
841,0.0
842,0.0
843,0.0
844,0.0
845,0.0
846,0.0
847,0.0
848,0.0
849,0.0
850,0.0
851,0.0
852,0.0
853,0.0
854,0.0
855,0.0
856,0.0
857,0.0
858,0.0
859,0.0
860,0.0
861,0.0
862,0.0
863,0.0
864,0.0
865,0.0
866,0.0
867,0.0
868,0.0
869,0.0
870,0.0
871,0.0
872,0.0
873,0.0
874,0.0
875,0.0
876,0.0
877,0.0
878,0.0
879,0.0
880,0.0
881,0.0
882,0.0
883,0.0
884,0.0
885,0.0
886,0.0
887,0.0
888,0.0
889,0.0
890,0.0
891,0.0
892,0.0
893,0.0
894,0.0
895,0.0
896,0.0
897,0.0
898,0.0
899,0.0
900,0.0
901,0.0
902,0.0
903,0.0
904,0.0
905,0.0
906,0.0
907,0.0
908,0.0
909,0.0
910,0.0
911,0.0
912,0.0
913,0.0
914,0.0
915,0.0
916,0.0
917,0.0
918,0.0
919,0.0
920,0.0
921,0.0
922,0.0
923,0.0
924,0.0
925,0.0
926,0.0
927,0.0
928,0.0
929,0.0
930,0.0
931,0.0
932,0.0
933,0.0
934,0.0
935,0.0
936,0.0
937,0.0
938,0.0
939,0.0
940,0.0
941,0.0
942,0.0
943,0.0
944,0.0
945,0.0
946,0.0
947,0.0
948,0.0
949,0.0
950,0.0
951,0.0
952,0.0
953,0.0
954,0.0
955,0.0
956,0.0
957,0.0
958,0.0
959,0.0
960,0.0
961,0.0
962,0.0
963,0.0
964,0.0
965,0.0
966,0.0
967,0.0
968,0.0
969,0.0
970,0.0
971,0.0
972,0.0
973,0.0
974,0.0
975,0.0
976,0.0
977,0.0
978,0.0
979,0.0
980,0.0
981,0.0
982,0.0
983,0.0
984,0.0
985,0.0
986,0.0
987,0.0
988,0.0
989,0.0
990,0.0
991,0.0
992,0.0
993,0.0
994,0.0
995,0.0
996,0.0
997,0.0
998,0.0
999,0.0
