lgE,resolution_sigma,deviance,f_H,f_He,f_N,f_Fe,data_mean,model_mean,data_variance,model_variance,data_sigma,model_sigma,data_skewness,model_skewness,data_excess_kurtosis,model_excess_kurtosis
18,15.0,72.52610659844905,0.12335335224395522,0.5262953732426371,0.08450619642253139,0.2658450780908764,715.6252821670429,715.6609129401456,3312.527758103226,3303.1214403745657,57.55456331259256,57.47278869495168,0.7033708364746183,0.9084369035063988,0.6872745487167919,1.4579018117706228
18.5,15.0,35.14037258505207,0.15500426195690153,0.3701572313282268,0.2690713863559212,0.2057671203589505,743.9259259259259,743.89083753913,3211.5500685871057,3029.204496181301,56.67053968851105,55.038209420195535,1.3689595286558822,1.035630406290555,4.322109225056119,1.8767778867270435
19,15.0,23.892472308910726,0.07175180287772713,2.7910463086275946e-13,0.9213000151929954,0.00694818192899835,762.5753424657535,760.9270529737742,2260.7648714580596,1576.7766939096473,47.547501211504894,39.708647596079715,2.891806988891054,1.2744005729984247,14.802841773069922,4.175696677334588
18,20.0,54.01728271129996,0.11857485448710794,0.4877060313479121,0.17410845354310223,0.21961066062187773,715.6252821670429,715.5031094079978,3312.527758103226,3329.9755952363016,57.55456331259256,57.705940727418195,0.7033708364746183,0.8726874659136508,0.6872745487167919,1.4650719358157893
18.5,20.0,34.01131778836198,0.15641704561622746,0.31255033021138384,0.38614208289082874,0.14489054128155998,743.9259259259259,743.7437733933228,3211.5500685871057,3044.978586344188,56.67053968851105,55.18132461570842,1.3689595286558822,1.013363625586508,4.322109225056119,1.9423281936844763
19,20.0,24.539777991306828,0.06431853737170141,0.0,0.9356814626296636,0.0,762.5753424657535,760.6659241051334,2260.7648714580596,1698.6389115547,47.547501211504894,41.2145473292465,2.891806988891054,1.0473886885496144,14.802841773069922,3.2329897876457903
18,25.0,49.20124828150798,0.11573165819978068,0.4265069497167214,0.3100146189622351,0.14774677312126283,715.6252821670429,715.5279747677515,3312.527758103226,3348.4285023545635,57.55456331259256,57.86560724951017,0.7033708364746183,0.8406563300346181,0.6872745487167919,1.5118811016328841
18.5,25.0,34.741555592219726,0.1628059437297095,0.21908322953420115,0.5719761058444889,0.046134720891600624,743.9259259259259,743.7750859684519,3211.5500685871057,3032.0788039078598,56.67053968851105,55.06431515880189,1.3689595286558822,1.0080512924880036,4.322109225056119,2.092817035459851
19,25.0,27.13331936095342,0.05839780028764232,7.741936916352639e-13,0.9416021997109827,6.008608948726677e-13,762.5753424657535,760.2852633909836,2260.7648714580596,1885.3493323980215,47.547501211504894,43.420609535081624,2.891806988891054,0.8327839889924229,14.802841773069922,2.3828940514009025
