lgE,sigma_bootstrap
18,54.47559131672718
18,58.03230215930596
18,53.89733731919343
18,57.43107239683313
18,61.87652638344561
18,58.76630444153872
18,56.71369050678094
18,55.33921419440308
18,57.306172042012555
18,55.99548234246087
18,57.81974094915349
18,59.94635525830957
18,57.6254429286865
18,56.25764257581549
18,58.131473150465375
18,58.94660429415606
18,58.36514306020841
18,58.11847067521714
18,54.11762592297751
18,57.364712081778165
18,55.94323062496473
18,58.43716658931535
18,56.787372682235265
18,56.185517313589195
18,55.020184174030796
18,59.99429344029531
18,54.901128615068
18,57.76135673789242
18,55.53006549777834
18,59.5298274709988
18,58.026870839651004
18,55.865608563266846
18,54.5322565640073
18,58.11976057204532
18,56.26257252214641
18,59.887749287204095
18,62.8922566554315
18,56.1032630752572
18,54.28485924822117
18,60.65590261535496
18,60.58210709188663
18,57.133624285182584
18,56.20515235951857
18,58.623311156098545
18,57.075420530331094
18,58.32761555454679
18,57.54479914930214
18,58.165398162360596
18,55.87104647170886
18,55.71509342896266
18,56.81798071216609
18,56.08809491840994
18,55.811166358320655
18,55.792055250208605
18,55.996089030280686
18,55.02069547733448
18,59.606616324225534
18,55.12476206250018
18,59.52780048326204
18,56.64453947545386
18,58.687347596315426
18,60.75195231907471
18,59.631084542994586
18,56.338924150865566
18,60.03834334098811
18,57.61777551881563
18,58.95462079595199
18,55.97598447350803
18,63.03261983751698
18,56.56025887455453
18,54.783227227891416
18,56.71829456166163
18,56.76166893392955
18,57.14667729144563
18,57.43402774954289
18,58.32551554238661
18,57.430707703142694
18,55.87515777054132
18,54.917719954858896
18,55.49313722468946
18,57.557616788016205
18,59.55816480204105
18,56.148054383882005
18,58.83602142212981
18,57.60440946868158
18,58.12099325961223
18,58.454429960805705
18,57.94919128893548
18,58.595334818002755
18,60.66682094029706
18,57.71724028423905
18,55.59454124346882
18,59.86912918306651
18,55.3151790456649
18,53.293227494188216
18,57.94863064556638
18,56.06380507934658
18,56.2815024662338
18,60.156709512168455
18,56.6878084683312
18,54.042168972124905
18,56.11566116722309
18,59.00486288918175
18,55.69686340266606
18,57.3134469703147
18,60.75129546839498
18,57.015341924900525
18,59.133601399232695
18,58.311918624338965
18,57.61838416189431
18,56.08249967561663
18,57.87663543075515
18,58.633915038632175
18,57.420913441841485
18,56.416379035651026
18,53.6037316963826
18,61.010869970378856
18,58.120039845653615
18,58.620269152891204
18,53.33609179665064
18,60.39269961323025
18,60.31621544812791
18,55.36173425055456
18,59.35072700873912
18,56.1710625416229
18,55.48625078044475
18,58.97380266663715
18,56.4822994275
18,57.82471916963278
18,56.9930992639117
18,57.64650260526547
18,57.78191912274517
18,58.25632208241889
18,58.02162607901296
18,57.06490671297757
18,56.885867047395315
18,58.19100906105859
18,57.35867587455464
18,57.19109049301099
18,55.69435669281724
18,57.22722841339863
18,56.55301730240596
18,56.7242354511859
18,56.00637311979795
18,59.02756658516963
18,58.31429382876735
18,54.245213943446295
18,55.87378425068185
18,52.903848823314426
18,58.57441615211716
18,58.54371247565765
18,62.9147991080884
18,59.761168255861755
18,58.39999318253199
18,55.99472634475566
18,56.36930328889488
18,54.49976869977377
18,56.34040369072813
18,56.805299328190685
18,56.99344469429796
18,58.165013858830896
18,57.981635782253775
18,59.52307592140973
18,55.949748253745845
18,57.186158069158274
18,59.70929510686567
18,56.48074654063379
18,57.36737551638244
18,58.10861921506068
18,58.45631280630642
18,57.09205294653506
18,58.267318097096975
18,59.27178011222657
18,57.132566788358154
18,53.501748402417455
18,57.91388785170729
18,59.3893851508465
18,58.06947365137157
18,56.93828362016571
18,55.58715740216808
18,58.34933006271555
18,56.05394916059068
18,57.89840155686012
18,60.29804213319634
18,56.537169905620004
18,59.29187776768022
18,55.98724383494388
18,56.07137138100243
18,59.16915856912483
18,60.028992113063964
18,57.61591345330444
18,58.106306006598324
18,61.58007522453086
18,56.56782703937388
18,55.66225775979662
18,55.99103367741995
18,57.92374012075865
18,57.55114059287798
18,58.50000012421648
18,55.125083050698855
18,55.70151012795254
18,60.760832893928615
18,57.19140351322038
18,55.05902207427502
18,56.936426233635
18,57.35613797352087
18,53.6801447326266
18,56.35821061290342
18,60.84775623936218
18,57.642626107864096
18,55.35301424864319
18,57.35749829514284
18,58.74083724324988
18,58.24214673463312
18,57.36822998472493
18,56.423290419863406
18,58.53141422581536
18,55.80342985978978
18,55.44344070838221
18,60.79302603735528
18,55.7707017289721
18,58.23967396210667
18,58.990120173956775
18,55.183984170227966
18,54.937131866509176
18,60.4851704759835
18,59.20755706923893
18,56.50996325466057
18,57.38878650936869
18,59.07908321400454
18,59.18822949170335
18,57.10892238717207
18,56.57703958434103
18,55.236078614494495
18,53.92560214250919
18,58.36895414638978
18,60.400932167712554
18,60.82412694593031
18,59.4663968204295
18,59.71047630194638
18,59.29810365545959
18,57.44001838074227
18,56.46326546036395
18,60.741675601319244
18,60.49502215405911
18,61.5041055535028
18,56.77577666067112
18,58.9493582374753
18,56.04916725372601
18,58.684523972763195
18,59.90185793842948
18,56.23029806546626
18,55.815678079498234
18,54.44830011820594
18,60.068662957018375
18,58.561540354830484
18,55.29076007735682
18,54.08929534753747
18,60.51483617519451
18,60.80241963153686
18,56.81063940938466
18,58.25750826320277
18,56.171460043249375
18,57.5221730351121
18,59.79080304317029
18,59.308296608081136
18,55.40634659037565
18,58.051238852356995
18,54.07981759861665
18,57.42778620277609
18,56.37674299670111
18,54.59991093363799
18,56.94119389334482
18,58.963357900742864
18,58.004402055501025
18,55.37471991080185
18,61.68779130532333
18,57.41851533928696
18,58.836575312374784
18,61.46841359738981
18,55.81504649548179
18,56.84529580941299
18,57.187047379006145
18,58.36163706815066
18,60.20996554450439
18,57.51231624602136
18,59.200052810031224
18,57.09175863754257
18,55.8540892568474
18,57.259352349944805
18,58.47337489386235
18,55.50185692318512
18,57.74373618141895
18,56.56722626390873
18,56.909206189243726
18,57.52894168106797
18,60.23214205299808
18,55.65449685463488
18,62.75532611517623
18,59.50235864281121
18,58.14732582987946
18,59.922961870664764
18,59.00018063733538
18,56.01805319724768
18,57.903369625511786
18,59.66944089117105
18,56.090890365720036
18,58.548880435358676
18,58.2983067897468
18,59.31467645623188
18,55.514884784691596
18,58.58872480114289
18,58.04637780124253
18,57.07582405965631
18,56.66927042421071
18,54.50048223822433
18,56.21863409068594
18,57.992854183464914
18,57.336556441867835
18,56.44908366694724
18,57.72227251758845
18,58.97046477666053
18,61.655023622112225
18,57.1928045625114
18,57.14198980125018
18,57.984923341387315
18,59.71060829784622
18,57.35311510986397
18,57.552153918907386
18,58.48156688843768
18,54.7051545232478
18,55.75162286210903
18,58.77501792585678
18,53.9157354857528
18,59.96575382632404
18,55.77270963430679
18,56.397418414850286
18,56.24630616544593
18,57.53895678375106
18,59.69553028733565
18,57.560514802972826
18,56.52157526323618
18,55.2179312319163
18,56.88240175467011
18,57.17673128958282
18,58.61409593497367
18,57.902400546692476
18,56.65935698894467
18,54.10580566369843
18,61.43902526471776
18,55.62195263091365
18,56.75865969212719
18,58.48897614648767
18,58.31751883466314
18,53.71911921928744
18,57.24687158009048
18,55.59419634986215
18,61.83424878700896
18,56.80736183635544
18,58.462530333370964
18,58.577699095587384
18,58.63604519513035
18,53.66815629169192
18,58.665618008716464
18,60.77160198026168
18,55.9915424669718
18,56.1693726816581
18,57.376759060800744
18,57.27201860056078
18,56.67236645217393
18,58.774894184948714
18,58.1584614690446
18,58.99374319601828
18,58.499185389704266
18,58.036426702161734
18,57.1877332520632
18,56.55138614061243
18,54.86078538984163
18,58.61428654082573
18,58.24801464356768
18,56.471772512357155
18,55.28518139281745
18,58.58636994694527
18,53.55910449174742
18,60.24559717755618
18,58.002646365976844
18,60.94330333227387
18,56.32687555727757
18,57.01270130703636
18,56.38371127252846
18,55.04751711831808
18,58.12821396950155
18,58.93260718207146
18,60.872722935877555
18,59.69553856280938
18,61.71063187940358
18,61.380268655205164
18,57.683414652652466
18,58.3943760029665
18,56.68914991031889
18,56.32104807374043
18,57.14233748247925
18,60.98397106995529
18,56.656630440114455
18,59.02050484997275
18,58.067112490531834
18,57.216983230123745
18,56.84005250189612
18,56.506056379774435
18,60.74134127245357
18,58.643439708434755
18,57.63789530693693
18,59.86632482492352
18,56.13254815671171
18,59.52621434216524
18,58.38892708179082
18,57.82369795875014
18,59.367046402422204
18,55.587771649126864
18,56.498702628976964
18,59.98607347234567
18,56.527762297890405
18,59.46605099659351
18,54.99689499774599
18,56.73080050675094
18,54.14850828019117
18,57.14601247554186
18,55.95250573670202
18,55.83359776950588
18,58.55779008635621
18,57.79028568662338
18,54.81167993635344
18,58.97391999649249
18,59.28602665891753
18,58.99101098068078
18,60.31748371907362
18,54.11824470503782
18,58.10641753783308
18,57.66134398266876
18,57.5571475464842
18,62.40916196770229
18,55.63846572130187
18,57.9563175720464
18,59.88591733616565
18,54.331836056431904
18,61.65328209707827
18,60.022919875322266
18,59.07803312186766
18,60.13725212493934
18,58.0347185279509
18,57.02598615828341
18,56.314646937089854
18,59.06989417116183
18,53.217468865041255
18,56.498514160317946
18,57.444978702851074
18,56.75840509606906
18,57.8569348779586
18,61.34935917429505
18,55.9852858685114
18,56.246937857354126
18,55.49726545312338
18,58.516140383612424
18,58.09380452761337
18,58.99318334285853
18,57.17679585328622
18,60.25221674741515
18,57.284873521162076
18,57.47231911045649
18,57.239330862741035
18,57.508299188848156
18,57.061997079962794
18,59.78188963876704
18,58.803423016494314
18,57.22149117620197
18,54.493952422033026
18,60.736151092801016
18,57.21713245083833
18,59.86627420092137
18,52.87942237637534
18,55.9465653522309
18,53.93659799581384
18,60.26367034330091
18,56.89996801454409
18,53.78886478378199
18,57.70545324560994
18,57.772801704032766
18,57.623643290675815
18,57.59542653968508
18,56.23861430061888
18,58.57298662667352
18,58.54958629372668
18,53.320477778647366
18,59.25149004236701
18,57.427374324675064
18,61.23132565134659
18,58.21669852449811
18,58.255167588689964
18,59.21874622731521
18,57.32291722595852
18,59.887185728705624
18,58.39594024231945
18,54.862762499733236
18,58.37110163473539
18,58.18440425153999
18,54.96665683411904
18,55.58712164698094
18,61.25724687903266
18,59.43129554973842
18,53.14401707862234
18,54.15691042003799
18,56.18367781470172
18,57.369298309932645
18,58.035320278870984
18,60.06044828952071
18,57.94705739895143
18,55.309799096209275
18,57.675526398799555
18,59.4612581555596
18,56.90838151061499
18,58.98607505853668
18,55.22031367615584
18,58.291984321977594
18,58.77727330537378
18,56.08650343418915
18,58.974572489913
18,61.35415857569942
18,55.972662200286166
18,60.80141165236111
18,56.915052662967625
18,56.631964841732604
18,57.39266654908499
18,55.763252812105115
18,58.98310041542301
18,56.68093861665839
18,56.22843477876802
18,56.55920194921418
18,54.88568794405619
18,58.740161660595525
18,53.58768215421831
18,56.90330861078956
18,59.881113112554814
18,59.7193344756277
18,60.72777123970003
18,59.132837585667055
18,59.24149277197655
18,57.13326151014025
18,58.77496849006541
18,61.24934565859226
18,60.242529813430274
18,56.42445009475651
18,58.91095962113175
18,57.20974440438567
18,55.66117704978758
18,56.946778510345545
18,57.029531271926786
18,56.4463146060608
18,59.34606950651508
18,56.964256480232045
18,57.92546180019487
18,53.99240332993146
18,60.94238081217269
18,54.36330328886462
18,59.25775051953357
18,54.440928848099034
18,60.68776416888367
18,54.431566983468436
18,58.464872645396994
18,58.24367984908908
18,57.43612286054158
18,56.33167933377342
18,58.978467301905745
18,61.455072707107945
18,61.40026202105422
18,55.375498880570525
18,53.35018789088914
18,58.35639566798405
18,57.812818941794795
18,56.28971128793882
18,57.35967522187177
18,56.50516404348181
18,59.59800849943923
18,56.21250970144556
18,57.380711780624765
18,54.39704059285287
18,61.336728156339376
18,56.36161874553167
18,58.56422921755045
18,59.69780815392749
18,56.224506066636195
18,61.07286896237292
18,55.785668304475195
18,56.48414274967218
18,63.706305042972666
18,58.72254366351976
18,55.507019423666534
18,56.076468653064026
18,53.51410081743827
18,56.47794754784812
18,57.5262925586216
18,55.11338971040809
18,59.77839282851752
18,54.167752310819395
18,56.93579699146432
18,58.32934356500589
18,57.048491132385564
18,58.16984434017224
18,58.67539414026158
18,61.49483000137231
18,59.95624115166043
18,59.49858585702677
18,55.775687976324875
18,61.559607525566946
18,58.96629964552909
18,60.718520346883416
18,56.434799726279465
18,57.06977212452009
18,53.98106970866649
18,53.75825446607942
18,58.36807815546386
18,55.516104388051076
18,54.71399061475876
18,58.9855317318542
18,59.34221694045635
18,60.381533619578036
18,56.14796444700579
18,58.739905704726624
18,59.330295705636516
18,55.878116953510926
18,56.5788636768363
18,61.5127481560964
18,56.844635438183516
18,57.42347105501647
18,61.98931479424212
18,57.00702129817981
18,60.10274430249748
18,59.049141890422604
18,56.906546620389044
18,61.20777687327407
18,55.01583878183648
18,59.374049430656164
18,57.62720048441216
18,55.68541423035882
18,56.928792251059114
18,60.042939886938704
18,56.632210976525045
18,56.51441202557264
18,57.608992669691006
18,57.31512182079721
18,56.2170080915055
18,57.10869147576569
18,60.17569322467793
18,57.24214186634612
18,57.4795694383745
18,58.05992056077863
18,58.90470193964648
18,55.08298540105358
18,54.652251679956954
18,56.73190146416642
18,58.69808943223077
18,58.53012805870301
18,57.18876225628764
18,55.68610361133991
18,58.441356652784194
18,57.73263564197419
18,61.70611451673911
18,57.01790879815883
18,55.64110941259707
18,53.926481553608134
18,59.9071515017899
18,56.35506933215601
18,60.59848693567171
18,55.66397844993363
18,59.149936982239915
18,55.239526870713526
18,56.44426397097601
18,60.01564861216636
18,57.528050263300216
18,55.62492065878051
18,57.20588171876021
18,57.664936582736814
18,57.817311018883075
18,56.93274757398059
18,56.02675140486207
18,58.22439487109405
18,59.14761383980606
18,60.06065028379901
18,55.46574821087741
18,56.3525318533305
18,58.53357763351473
18,61.055811227473825
18,57.10933344958532
18,55.834263052108525
18,56.96354133995504
18,58.99079754882462
18,57.86634474138951
18,57.05111741886478
18,59.55725116362526
18,60.48866471883815
18,57.43851324014126
18,58.79729799267838
18,60.7780845677926
18,57.30646081720186
18,58.85510855174961
18,59.46467037831206
18,56.65880090765753
18,58.29154171691752
18,62.05812006127409
18,58.31233156655063
18,57.64386986839211
18,54.89191046541988
18,57.994295592134094
18,55.505126135977946
18,54.950948893170846
18,54.629794782013306
18,60.839982098452154
18,57.7524317148216
18,57.38630677094593
18,55.06282232379088
18,60.801324693844656
18,60.55540734833981
18,58.84941880529977
18,56.302423790774164
18,56.16522721483487
18,57.1154773011329
18,57.02996745940581
18,58.32080123784339
18,58.71992845149394
18,57.57918388591438
18,57.75089766686128
18,54.09291313042442
18,56.97622186275625
18,56.758865385308184
18,59.04365244888963
18,56.295416263836174
18,57.687159487425475
18,59.77176003934561
18,57.881556704856976
18,57.05722741055446
18,56.77687257879417
18,58.84323362579149
18,57.218245678659564
18,58.79369299945649
18,55.784153528159145
18,59.14423754887152
18,59.74146309754211
18,55.48827870345702
18,59.15017485071476
18,56.30080435199871
18,55.5341828687593
18,61.82731579263453
18,60.94996905353202
18,60.43452592124995
18,53.897956769754614
18,60.8356942157744
18,55.54152279365116
18,53.95747951688306
18,54.90365528116666
18,54.7304185221162
18,56.58850008110756
18,57.12252044341386
18,59.35524098661617
18,55.93398589850301
18,59.942638957386855
18,58.42212784924206
18,57.47053573480743
18,55.89724478010974
18,58.833117253467755
18,55.61194820392358
18,58.7748036876413
18,59.26195355693198
18,60.03100532357133
18,59.31699785828182
18,54.5621194976474
18,59.1928532308567
18,52.69255219825588
18,55.9198261506552
18,60.03572754837532
18,59.380563732779976
18,60.46880806319434
18,57.553818841070594
18,59.89811075978561
18,59.19913152446156
18,55.67638831635911
18,59.49283398651723
18,58.29758581834158
18,56.924061114042544
18,59.95278273168031
18,59.784601082793834
18,58.44009765010659
18,59.17228280908816
18,57.62071559395349
18,59.24644867700341
18,57.53893616738239
18,56.90171407385864
18,55.4539603526077
18,55.8599121679479
18,54.92752019070462
18,57.69586300395937
18,58.51285589368126
18,56.911443573647304
18,57.7804209388283
18,54.227926366174074
18,58.398587911266304
18,56.18461093337336
18,59.96806620479996
18,53.27764212251125
18,57.138425700673245
18,58.746788365632774
18,57.974537578765045
18,55.5848347857343
18,55.79438936230019
18,62.503991738257774
18,55.84159152116925
18,58.06820469824152
18,56.989176143398396
18,54.61309174729021
18,55.30523098901479
18,57.67583642324272
18,59.321465167970906
18,58.06349139185353
18,56.82069480467713
18,61.10870878565539
18,59.72879338272228
18,57.92782917863801
18,56.14947832595253
18,56.043823508899244
18,57.28699975675966
18,55.70564430643073
18,58.54640360814382
18,58.32034900580507
18,54.48842742971252
18,55.26771410182557
18,55.12360779936647
18,54.547804042792606
18,57.50995981332333
18,60.38947166104158
18,56.2841268047179
18,57.18698921079366
18,57.6196058775886
18,57.84884791318065
18,62.20309322172996
18,55.039239628941694
18,57.55765995031726
18,57.2775300356978
18,55.916893644589564
18,60.449267813609
18,57.55268833932606
18,58.58745673450256
18,57.896798479272555
18,57.43851377374956
18,56.8047356907837
18,56.059427572933
18,55.183351267455386
18,54.88236469598205
18,60.0397779792016
18,63.53795784006729
18,59.52327241042345
18,57.759679004021756
18,54.654300957281734
18,60.894297186306034
18,55.42517427493994
18,58.08755118097181
18,57.90463025911705
18,58.810845162458406
18,56.002002190378114
18,57.87644822430846
18,59.862615051452096
18,60.89340311271799
18,58.27199443266209
18,59.323772167416934
18,61.41210601563268
18,55.64940560757732
18,53.95933019038089
18,53.53050353091749
18,56.065817690024915
18,56.5831291576131
18,53.23790433247885
18,60.015276097947655
18,59.276138939257635
18,55.174355938780856
18,61.46290577385562
18,56.08855713342722
18,58.99237255411543
18,55.425260532816374
18,60.899255078197875
18,56.16172245047243
18,59.34453360975232
18,58.04066646445856
18,57.66937473508905
18,58.48264121353291
18,56.66475232517333
18,59.94225348381646
18,56.35736784297257
18,58.23459068417086
18,53.93431424379847
18,54.670047115455205
18,58.252909433242586
18,55.01645342641039
18,59.82910928218971
18,58.047300849522294
18,56.36285111509594
18,55.21737736605357
18,62.43958436488471
18,56.33428008560122
18,59.537727573499055
18,58.72464256805973
18,56.481487497119275
18,54.06501722447044
18,55.03726118508363
18,54.578912819238674
18,54.55874902605029
18,59.859752551250466
18,54.154905310926765
18,58.49579270333006
18,56.386087925232886
18,55.08145273217868
18,55.624404392096395
18,55.76495110022221
18,59.890195139626606
18,53.66011083597172
18,58.207102173105056
18,60.458751332738764
18,55.51683724211648
18,60.26790781582776
18,56.20471634735139
18,60.29881500733568
18,57.530021358037814
18,56.25773124482197
18,60.84224355803465
18,55.46435823879663
18,55.024311485673856
18,56.90628264967764
18,59.38113773819764
18,57.65000074647193
18,57.03059753213776
18,54.97639811574608
18,58.72069549061789
18,59.68063760180175
18,58.557846268702846
18,61.5061272395604
18,56.65401558648434
18,58.935740136453084
18,54.4652548572585
18,55.910203377431934
18,60.384891802670865
18,61.69257377753926
18,53.56378789903601
18,57.81487919443959
18,60.098792950555136
18,57.11476177150731
18,57.899398139332995
18,58.294862696489446
18,58.41337203613189
18,55.69355978033011
18,54.962372309852256
18,56.38919010980269
18,58.670803029098884
18,57.88631861839212
18,60.02338825682654
18,59.94979597494427
18,62.143471289009646
18,56.568415954126564
18,59.590715686422456
18,57.874488432991804
18,58.030642396931135
18,55.1849586550396
18,57.28420836574803
18,57.98113881291501
18,59.009764146002524
18,57.89169968189959
18,55.663301308112366
18,62.00735808260928
18,55.85319224035943
18,59.568611434964396
18,58.07479558049845
18,58.80979646927209
18,61.178480043458784
18,57.42685892083455
18,55.67918355501973
18,54.63835492731856
18,61.34678897686783
18,57.34396070724816
18,57.484521908833294
18,57.72520857076194
18,60.1138896713745
18,56.76080412404399
18,55.93274473141368
18,59.44440135380903
18,62.533648214796386
18,57.04332321856317
18,55.09919549136658
18,56.690300922162564
18,57.22137599616872
18,59.48090029025925
18,58.21074822355858
18,59.45755216492211
18,60.50178828234671
18,56.90353998150443
18,58.8223596661706
18.5,53.4147259763555
18.5,60.7866834199431
18.5,53.10309494537879
18.5,54.07439707489292
18.5,51.92165075900215
18.5,54.498374791236024
18.5,58.69063683257671
18.5,52.23689706711318
18.5,54.54254140966893
18.5,56.27992556412924
18.5,56.85837425491411
18.5,59.974229346439856
18.5,55.77969990641489
18.5,58.04875294136157
18.5,52.20439652350687
18.5,52.992886884804015
18.5,53.067920050364194
18.5,52.55774296199118
18.5,58.711566748940136
18.5,56.04360811633586
18.5,56.155913653754524
18.5,54.84720779573783
18.5,54.45511064962531
18.5,55.73598663623946
18.5,58.85090176205906
18.5,56.43493231243815
18.5,54.627714445146786
18.5,49.52385153866668
18.5,52.50141895247341
18.5,52.129082981895586
18.5,57.4227014409605
18.5,56.992676214974075
18.5,48.117339340002566
18.5,55.87397886485655
18.5,55.182144286141764
18.5,54.2240643902992
18.5,55.42636736752674
18.5,57.976103043399675
18.5,58.38022909763926
18.5,54.757201343808426
18.5,58.06255276573176
18.5,59.621044393611236
18.5,53.251664369916554
18.5,59.47138048504842
18.5,51.49024001498781
18.5,54.46315423285206
18.5,53.60579707181137
18.5,53.58984861212229
18.5,55.93549272134018
18.5,53.32461667656072
18.5,55.395197922561216
18.5,54.96058309858654
18.5,56.217499548854704
18.5,55.47452639813419
18.5,52.55251575562341
18.5,50.06461068049324
18.5,54.61446356762621
18.5,54.81988661613122
18.5,56.42114636636615
18.5,49.046853691250895
18.5,54.84401252479384
18.5,53.23149351165021
18.5,55.43199496946504
18.5,52.468323157868966
18.5,58.55931946644991
18.5,53.30887755525582
18.5,56.51481106220328
18.5,55.469001349562134
18.5,52.12595187731562
18.5,56.43135602963918
18.5,56.34802574616951
18.5,50.6267583120643
18.5,56.5975848144581
18.5,60.42377462336688
18.5,56.46981027375747
18.5,55.26910468361034
18.5,60.116424899922606
18.5,58.47903512212961
18.5,56.24414658757106
18.5,54.14518008071447
18.5,55.82022697481116
18.5,57.64146221560233
18.5,52.53828540547518
18.5,54.5627745013939
18.5,55.780475647988524
18.5,52.27777318131373
18.5,57.31231505279919
18.5,50.4824813263256
18.5,51.089451962863045
18.5,54.145159152213644
18.5,59.97686042530516
18.5,55.01903261800636
18.5,54.57684335247341
18.5,55.755798430418025
18.5,56.142390205902046
18.5,54.998222889790895
18.5,52.12005832912223
18.5,57.897315357770665
18.5,52.694355389421965
18.5,51.850899809666956
18.5,55.66306418359667
18.5,58.12658080251059
18.5,57.811968097454866
18.5,51.42026620139718
18.5,54.511607576441094
18.5,56.767079138974964
18.5,54.699602415254795
18.5,51.60316843378975
18.5,52.118999608792315
18.5,52.09974435448207
18.5,54.897719611399204
18.5,54.60011171524287
18.5,51.85347154987477
18.5,58.21591447631024
18.5,56.43739263273003
18.5,55.2214917326424
18.5,61.31863988225992
18.5,53.95860593626055
18.5,57.035368946250294
18.5,57.93765805968512
18.5,58.571180410541906
18.5,55.562294081439155
18.5,57.70890594116576
18.5,58.513228194140616
18.5,53.318736502335895
18.5,56.78453256464313
18.5,54.84068263896326
18.5,51.13938318952731
18.5,57.85394025697389
18.5,57.182759174324936
18.5,57.72137966789316
18.5,55.2424621224205
18.5,50.58622602174069
18.5,56.24046653730849
18.5,56.59815682566474
18.5,58.8237817344207
18.5,54.68552267484725
18.5,52.58279384165024
18.5,48.19127129152951
18.5,56.8539808253962
18.5,55.17307335646346
18.5,53.56874683207319
18.5,58.54553026224577
18.5,61.94035705606088
18.5,57.31695755749609
18.5,53.76873352943064
18.5,54.905752104956974
18.5,55.29141091395493
18.5,55.357897151829654
18.5,52.436055262947896
18.5,57.56222940109215
18.5,53.96614357724773
18.5,57.09586846394347
18.5,57.93081159403279
18.5,56.553795351956694
18.5,59.148372414162836
18.5,54.840397901939895
18.5,54.01556953194762
18.5,51.93864659356326
18.5,54.511619223384294
18.5,50.990626570842544
18.5,57.32133754329562
18.5,56.62625207056684
18.5,54.18937585257041
18.5,56.765498996923036
18.5,51.1176378468342
18.5,54.085386275305346
18.5,52.45088037848104
18.5,58.03373069142125
18.5,59.33087617181729
18.5,58.44152361899427
18.5,58.76305275691841
18.5,55.519309271747474
18.5,55.41110335381625
18.5,52.86360304310786
18.5,54.939100172879485
18.5,53.80854477707641
18.5,55.83855831460984
18.5,51.15457073037042
18.5,58.90056180702769
18.5,59.37493154301842
18.5,54.99680375251944
18.5,56.54578881121863
18.5,53.021643189073856
18.5,54.94305716125347
18.5,55.08278169905661
18.5,50.58953721118503
18.5,56.84736660200906
18.5,50.80093438875852
18.5,57.191206065156734
18.5,48.998563896186184
18.5,61.78674045356345
18.5,52.560473683052905
18.5,56.806448436656716
18.5,55.876031091202755
18.5,54.695771959351724
18.5,58.00029731634762
18.5,52.95789830330171
18.5,54.132009989047894
18.5,53.12320292586263
18.5,53.397834107308164
18.5,56.04606693946232
18.5,53.31506369521438
18.5,54.104850540599166
18.5,55.42670754823916
18.5,54.268085396724864
18.5,56.107312988423566
18.5,48.78454054204655
18.5,55.91858552988562
18.5,53.90606849242058
18.5,57.70906226200449
18.5,49.381620606641576
18.5,54.87403927610254
18.5,53.16557692317809
18.5,51.00453808165077
18.5,51.2005950539241
18.5,56.45359805317523
18.5,59.40146663119982
18.5,54.666536499361385
18.5,51.62373003516609
18.5,51.96121086174579
18.5,53.87056914806063
18.5,56.79016293379851
18.5,54.95552482386589
18.5,52.77332663408446
18.5,56.55661808981182
18.5,54.483948187027515
18.5,55.13871702404965
18.5,50.36239855334059
18.5,53.03675721079142
18.5,54.62941905034792
18.5,56.764933920292314
18.5,53.162417454042895
18.5,59.97768292559786
18.5,56.349445995822535
18.5,53.514553089207794
18.5,55.54567721294339
18.5,54.32059010666778
18.5,55.39656516960655
18.5,59.418903610720534
18.5,54.57112891551651
18.5,57.710902755276514
18.5,53.552349810648316
18.5,53.52476191609583
18.5,59.244306966969965
18.5,51.48298222387353
18.5,56.59407084664249
18.5,53.24609988239657
18.5,54.290206978059
18.5,55.26367346763878
18.5,52.48862680950113
18.5,56.77648744042645
18.5,56.53040778507091
18.5,58.2764039654181
18.5,57.86957115426792
18.5,54.35811092994676
18.5,56.337278041747126
18.5,56.92677279679091
18.5,55.47543102074523
18.5,51.86964796530811
18.5,55.47539518386039
18.5,57.047844179627944
18.5,56.558323935884204
18.5,57.51389486788438
18.5,57.425897112592615
18.5,56.45496777648093
18.5,53.18360481860261
18.5,48.618158718734115
18.5,59.278446485505675
18.5,58.98477180635203
18.5,50.83632886637904
18.5,58.85715826004473
18.5,51.89112421357967
18.5,52.1247113367707
18.5,55.102602182042084
18.5,54.98828299609197
18.5,54.99205704961186
18.5,52.64805163566124
18.5,58.403658688563276
18.5,56.19541841483174
18.5,55.578495575473326
18.5,55.76047916797995
18.5,51.7342482681024
18.5,55.761379464593205
18.5,58.718436571117756
18.5,55.61618415447091
18.5,53.12570383182748
18.5,57.19419038562075
18.5,54.56598774515376
18.5,59.4187737164605
18.5,57.39180821206069
18.5,55.924633680228354
18.5,57.227237197130684
18.5,51.06646832943531
18.5,56.319040693510225
18.5,53.195067424012606
18.5,53.27568189093454
18.5,54.67874952229115
18.5,54.78118889357032
18.5,52.867274053358166
18.5,53.16464847391168
18.5,53.56972106312905
18.5,53.59699356739717
18.5,56.66156293266674
18.5,57.28168183923536
18.5,58.66263073779835
18.5,52.06749044048696
18.5,54.2422212611045
18.5,54.98138747988656
18.5,61.49615448141312
18.5,55.21891441169965
18.5,57.09121160868524
18.5,54.098352830616854
18.5,56.23722621434042
18.5,55.30830564880028
18.5,53.496551810950216
18.5,50.60313817027401
18.5,57.244379690177176
18.5,57.81040259280204
18.5,53.51376248573728
18.5,54.37520445655999
18.5,48.60775944772381
18.5,54.60789120345281
18.5,55.70615380172762
18.5,55.17721450553369
18.5,57.491013132205104
18.5,55.1730182889733
18.5,55.8192574025736
18.5,53.31601318407659
18.5,53.89828982987917
18.5,56.70831044441594
18.5,57.90334279891749
18.5,54.44286238984777
18.5,56.043374246740086
18.5,50.262109217382076
18.5,59.45861117374771
18.5,52.92519994735005
18.5,57.81078289906945
18.5,53.16637214159311
18.5,51.08831080556605
18.5,54.623434082591444
18.5,50.247133349051445
18.5,57.5880032189251
18.5,56.2221102881498
18.5,57.770561949770354
18.5,57.38610650931751
18.5,55.99349700572905
18.5,57.15995515897395
18.5,56.67179634569903
18.5,54.96046469243071
18.5,52.548687642025406
18.5,57.73105817691937
18.5,53.77087390414662
18.5,55.400450336562386
18.5,53.82020634751558
18.5,55.834161040302774
18.5,56.10900817412635
18.5,58.94164278773648
18.5,53.01540717352405
18.5,55.4474782692963
18.5,55.46246712354701
18.5,53.66479066997249
18.5,56.048407136732145
18.5,55.99846824632277
18.5,58.96252337233638
18.5,53.5713838068493
18.5,61.801856108583436
18.5,52.453353623310704
18.5,52.59088544068463
18.5,58.68757620661774
18.5,56.58701054703432
18.5,57.76086434118413
18.5,55.29791086547005
18.5,59.41315819280776
18.5,56.50323311322883
18.5,56.14066576833277
18.5,55.224890571058076
18.5,58.93973628671807
18.5,54.56583680293913
18.5,51.28654430460828
18.5,53.91768884209326
18.5,57.66823352427865
18.5,60.80489684810374
18.5,58.618104311369564
18.5,52.63722366757159
18.5,56.32937606566701
18.5,54.65580397305383
18.5,55.94590430500154
18.5,51.112914332907685
18.5,58.18357274750775
18.5,56.208784884719634
18.5,53.83201232397071
18.5,56.4616977578864
18.5,56.89647359604988
18.5,54.185071408649584
18.5,54.27611926019764
18.5,53.46295844040444
18.5,52.67291642115393
18.5,55.57010330433646
18.5,55.187809555772745
18.5,52.52837307255635
18.5,56.058444497584986
18.5,57.27073458696737
18.5,55.079049856568204
18.5,52.783646726884164
18.5,54.1073648487085
18.5,53.53063718405352
18.5,55.329166863559536
18.5,59.58739803594914
18.5,56.434980343757466
18.5,55.07079558478908
18.5,63.53057019712753
18.5,60.42029697989878
18.5,56.79495038743908
18.5,51.822057849281364
18.5,56.21347909156107
18.5,50.726867310331116
18.5,53.46995614538564
18.5,54.470608980717934
18.5,52.14695374777281
18.5,56.79833930184942
18.5,58.01004197438306
18.5,56.94370449002438
18.5,57.58581442428086
18.5,52.67950812168831
18.5,57.449405163085764
18.5,54.11192819282852
18.5,54.32304387780268
18.5,56.631269613786074
18.5,57.44377723654744
18.5,53.55880837387149
18.5,57.77956288414424
18.5,53.148631542903544
18.5,53.78932684624954
18.5,55.53766893682978
18.5,51.26796419340649
18.5,54.6409372270528
18.5,53.884289570089145
18.5,57.147072524540626
18.5,53.469367448660236
18.5,49.72740629445907
18.5,55.05765657240604
18.5,51.74576474007609
18.5,52.646590568957755
18.5,54.73786301864484
18.5,55.35905979714772
18.5,53.672082871971824
18.5,56.32599199378026
18.5,58.27087457505951
18.5,53.36154000829108
18.5,51.37844291485558
18.5,55.42701384488367
18.5,55.85289147228421
18.5,56.31193794671236
18.5,57.2374272130454
18.5,52.47412592955936
18.5,54.31745197430795
18.5,55.16707870179424
18.5,53.906060935855315
18.5,51.671950266402824
18.5,54.97935549907002
18.5,55.62958528675972
18.5,54.3058536614327
18.5,59.56705069648379
18.5,55.13848843840784
18.5,55.179228229932555
18.5,53.49928254054879
18.5,56.39936638226011
18.5,62.48280034681557
18.5,53.48239781390433
18.5,53.25957177571255
18.5,58.05466144947663
18.5,51.13027651239643
18.5,52.886859683333
18.5,52.23470447383732
18.5,50.1132379744688
18.5,54.31816034448706
18.5,56.324541751319416
18.5,58.14896862333396
18.5,55.713116979733364
18.5,55.94650838462269
18.5,52.776218755566745
18.5,52.366254183595856
18.5,55.12694975560655
18.5,52.35107902869518
18.5,57.91660419075224
18.5,55.39900951257478
18.5,56.048909503059946
18.5,58.653817701842144
18.5,56.911109605927024
18.5,53.88627428285379
18.5,60.10726260711874
18.5,53.65835148208086
18.5,50.8905757985631
18.5,56.096690505455996
18.5,58.64148620261202
18.5,53.57810815826814
18.5,58.123077887668856
18.5,56.71287809998575
18.5,58.9016979864418
18.5,56.46506896488592
18.5,52.74988818746684
18.5,52.84341635609757
18.5,55.21560920691425
18.5,54.09144852921563
18.5,50.238280114678155
18.5,52.985692215505864
18.5,54.99006292879322
18.5,49.94984869096187
18.5,54.760793678568014
18.5,56.72366436183956
18.5,53.788306678798904
18.5,53.17607711901277
18.5,56.62433980415484
18.5,54.47106609060821
18.5,51.867254142189864
18.5,52.3340287399442
18.5,55.57170207536652
18.5,53.306590250808796
18.5,58.01477708211983
18.5,55.674368759979366
18.5,52.45201233218226
18.5,54.69457952824774
18.5,53.67285035041588
18.5,59.48531943149696
18.5,56.06534030942366
18.5,51.7897004862721
18.5,59.14705044899358
18.5,51.81064297481039
18.5,56.91329522939088
18.5,50.40046078005461
18.5,57.37894924860453
18.5,52.485339663646634
18.5,56.813601859843985
18.5,53.64942313706699
18.5,51.33218445088888
18.5,56.48686854897094
18.5,54.748629361757196
18.5,50.24672192792668
18.5,56.2745853446753
18.5,59.863370899635306
18.5,51.75432027109445
18.5,55.10782494824271
18.5,56.86165641023459
18.5,51.156914660800304
18.5,55.682502896711604
18.5,56.03475180057519
18.5,53.576687135485635
18.5,57.43579450655721
18.5,52.759927922895265
18.5,58.311610637869315
18.5,55.38286212489881
18.5,52.46422286000221
18.5,53.1117111274393
18.5,57.50318963625022
18.5,55.61681567602332
18.5,53.24620066724181
18.5,54.052973044137836
18.5,57.092342658860936
18.5,48.56813981091215
18.5,52.925430494716764
18.5,55.75611697054065
18.5,59.45330560241595
18.5,57.179290771690546
18.5,55.597431097434516
18.5,57.68296093375956
18.5,54.01454028509624
18.5,58.79588451471296
18.5,53.20438697031384
18.5,50.73120319175606
18.5,51.11201692490952
18.5,51.068963871780554
18.5,52.671338458995585
18.5,57.238425360183626
18.5,61.83682898618127
18.5,61.317959351730444
18.5,53.01290743221349
18.5,48.45079575040666
18.5,55.26466003510232
18.5,55.99600577766972
18.5,54.67148244892608
18.5,58.756778094842666
18.5,54.84443182966073
18.5,55.36681708457691
18.5,52.3724422657111
18.5,54.142073522342066
18.5,55.0045386324424
18.5,57.950200288600726
18.5,56.065262729805255
18.5,57.073027332758826
18.5,57.48602918408429
18.5,56.547747693111674
18.5,51.092952844731236
18.5,51.19462132518641
18.5,55.36388426908426
18.5,52.31541627860823
18.5,57.312052625138904
18.5,53.41696890369424
18.5,50.70424190844866
18.5,57.932487613733485
18.5,53.77139208775986
18.5,56.17481454672216
18.5,52.260774604503375
18.5,59.716310592035775
18.5,49.86887305316839
18.5,59.427613335973376
18.5,51.38652778404984
18.5,54.97501667855672
18.5,57.30856230478076
18.5,56.400611081380966
18.5,55.19353177060408
18.5,59.24491801408058
18.5,54.973683908543705
18.5,61.19336184993997
18.5,52.02132433628269
18.5,56.93438008287342
18.5,54.08215268514139
18.5,60.39394266924232
18.5,53.42199815872924
18.5,57.3873086765076
18.5,51.0502336738082
18.5,55.52377997968736
18.5,54.422600763488624
18.5,55.814675143774885
18.5,57.736206440354536
18.5,59.27346984073133
18.5,54.71230241772117
18.5,56.10163262152219
18.5,55.76133023266721
18.5,54.44299205835149
18.5,56.392357246012104
18.5,57.78320527670814
18.5,53.53479284143964
18.5,56.51336837337192
18.5,52.35321731738876
18.5,62.44054696519743
18.5,53.35082063800609
18.5,54.54302192651477
18.5,54.35989445660715
18.5,54.92051213420983
18.5,48.87361372355575
18.5,52.989271949756684
18.5,53.268192449983275
18.5,56.504616979481916
18.5,51.49641134702043
18.5,54.96625766127377
18.5,53.63425946260268
18.5,57.323375754501654
18.5,52.50489219945327
18.5,54.8792995633576
18.5,54.199678224409844
18.5,55.60529385417212
18.5,54.42259587484015
18.5,59.64775690625619
18.5,57.10601787996112
18.5,54.421876163288744
18.5,53.39803089515191
18.5,55.63280915786818
18.5,56.010121507001024
18.5,57.22473605800744
18.5,52.2474444795152
18.5,56.036605612847225
18.5,57.05257636012252
18.5,54.89094316179652
18.5,56.42326734086894
18.5,53.18651856594368
18.5,56.84615792029405
18.5,52.36489666313438
18.5,55.52243853811262
18.5,54.974905072891715
18.5,55.477656553532185
18.5,54.52119333327951
18.5,56.518982065595026
18.5,54.36976273026833
18.5,53.07738645152593
18.5,59.55170804616625
18.5,54.13824120740766
18.5,56.12689861158478
18.5,56.48166398460221
18.5,57.49909782268325
18.5,59.51924683364146
18.5,55.639235434342304
18.5,58.23189885492024
18.5,53.81264271061866
18.5,53.40150069234466
18.5,59.906692301008164
18.5,55.71296580727619
18.5,54.223406913022636
18.5,55.09142213191443
18.5,56.13082932168208
18.5,55.16845588891409
18.5,53.51858348429995
18.5,54.51376510526775
18.5,50.92736379873673
18.5,53.562497821299516
18.5,50.95664620888274
18.5,51.98888842519293
18.5,61.78389488033116
18.5,53.45582765062535
18.5,50.53350650959341
18.5,51.25195928987818
18.5,52.89012047115094
18.5,52.825280080842774
18.5,48.39007807496147
18.5,58.35944971365782
18.5,54.32388992526137
18.5,52.8726296073611
18.5,58.81490757200974
18.5,51.172183612500675
18.5,55.009677759384665
18.5,55.51382573389517
18.5,55.821900596440685
18.5,53.17843242117544
18.5,50.03209710617248
18.5,59.25115857403005
18.5,56.177297215070105
18.5,56.03252052955286
18.5,53.929854792949435
18.5,52.25758148770825
18.5,55.42092662103529
18.5,51.63728563892265
18.5,52.099420997973745
18.5,54.65328522166245
18.5,59.72383826225717
18.5,57.03743518488882
18.5,53.39921106939864
18.5,61.12557298357318
18.5,54.44339145146572
18.5,53.29895388796869
18.5,57.48809398259549
18.5,54.767621150533465
18.5,55.474814078293434
18.5,54.826506318274504
18.5,52.62467228925867
18.5,59.19205892486682
18.5,51.26088745239221
18.5,52.37075382144844
18.5,48.590397393743196
18.5,57.84714428327625
18.5,55.51574994538922
18.5,58.70955756357137
18.5,52.233241930786015
18.5,58.682642385112814
18.5,55.72507711956326
18.5,55.609506601514724
18.5,57.66951279197376
18.5,53.748427927393834
18.5,52.24002688336092
18.5,55.769145678208204
18.5,55.39931782733876
18.5,60.66582150621228
18.5,51.42433982132926
18.5,53.7248789800063
18.5,53.833983286903496
18.5,53.7509589838382
18.5,54.98754232167527
18.5,52.56428986770486
18.5,56.987520855271974
18.5,59.68254569674945
18.5,46.444113515997614
18.5,56.412254756530814
18.5,57.84774853128887
18.5,53.51887880598802
18.5,54.04272474509993
18.5,58.332555629657655
18.5,55.327013902294745
18.5,60.28766507039392
18.5,57.03463380429469
18.5,56.71185551098384
18.5,52.79272253499593
18.5,52.010824764798
18.5,52.976126771441976
18.5,49.155004353809225
18.5,60.636254099675774
18.5,55.04457937789262
18.5,50.77567962077829
18.5,53.567618386840785
18.5,61.79016050908611
18.5,54.312111288265605
18.5,57.04585369652834
18.5,57.2360874177723
18.5,51.373761808992434
18.5,51.142294852975255
18.5,56.04191056722984
18.5,56.45387134366688
18.5,55.97174071521704
18.5,52.424813111128934
18.5,53.265987806210354
18.5,53.588893381633525
18.5,57.24102403814982
18.5,56.466922900809344
18.5,54.576820094982175
18.5,59.66706044558425
18.5,50.599713473139595
18.5,55.6137766961023
18.5,52.76614188228661
18.5,59.96964754462333
18.5,57.35110490656242
18.5,57.24590182745528
18.5,55.44565525450444
18.5,50.52548696729624
18.5,50.78664416215742
18.5,59.99909084506134
18.5,51.599579980996005
18.5,55.935126067516975
18.5,56.50973981210248
18.5,58.286165484633514
18.5,56.07658870770452
18.5,53.728145653643004
18.5,47.73369019890939
18.5,54.661368076155355
18.5,49.623705708636834
18.5,52.989979016073974
18.5,49.7983269288947
18.5,58.233765525015556
18.5,55.43857724359987
18.5,55.96268789672164
18.5,57.599214100752064
18.5,56.51427411334048
18.5,54.80282124326725
18.5,56.963914325534915
18.5,50.791416561280506
18.5,55.13264363477521
18.5,51.8762235863657
18.5,51.01437086830903
18.5,53.02655895367357
18.5,60.243104185779515
18.5,59.4424198813655
18.5,53.35156138219694
18.5,59.048910444897096
18.5,54.749880248320515
18.5,57.20623939741249
18.5,58.03140174694522
18.5,54.828116430450294
18.5,56.71525621184809
18.5,54.6702979172132
18.5,54.839137963693005
18.5,55.174877595383506
18.5,59.15563437575289
18.5,56.85355411505127
18.5,53.909048732831984
18.5,53.169651291931366
18.5,54.237767262974344
18.5,56.872164983148934
18.5,53.90342064133607
18.5,55.58360701173744
18.5,57.29765954798755
18.5,52.179348184971765
18.5,57.960021696578416
18.5,50.21107219837013
18.5,47.52145179914233
18.5,54.56580333192928
18.5,53.83741300845338
18.5,53.99037252277942
18.5,54.55031889030038
18.5,56.931628931749856
18.5,52.49198321878114
18.5,52.526576222082845
18.5,55.748369536353714
18.5,55.31174600431685
18.5,57.729942213165124
18.5,58.27143065753729
18.5,55.19347621331881
18.5,56.68049522038062
18.5,53.14593952754915
18.5,50.93865727449533
18.5,52.583047347930524
18.5,56.36888198958773
18.5,56.00721252789747
18.5,53.27230665049127
18.5,54.234847559939716
18.5,53.15816306064826
18.5,57.78187220418859
18.5,60.682573596893064
18.5,50.702874193435
18.5,49.706834685410335
18.5,50.90457589435724
18.5,52.23265178371513
18.5,55.54284762744449
18.5,57.530737550100405
18.5,50.142144679295896
18.5,54.04927482260979
18.5,55.791424583501446
18.5,56.12903092011495
18.5,55.908311304056106
18.5,57.07268045139419
18.5,52.98495997258069
18.5,59.36698243139752
18.5,54.9893140000875
18.5,55.47920979998031
18.5,53.10523327214092
18.5,59.95761543485118
18.5,52.698905012374674
18.5,54.4326112676132
18.5,61.19158226579618
18.5,57.00382653474649
18.5,50.0222754561479
18.5,54.885328840655426
18.5,56.609952148155216
18.5,54.37459664786771
18.5,53.298408588351606
18.5,55.39781078426263
18.5,55.55586069551811
18.5,56.711266045514286
18.5,51.72951752609839
18.5,54.233301957626175
18.5,59.056945718490155
18.5,48.3035778054318
18.5,56.16527822074856
18.5,57.39574349823521
18.5,54.616033261505734
18.5,52.01094645362617
18.5,54.38867007872664
18.5,55.6994507944769
18.5,53.39762463561949
18.5,57.86012993251633
18.5,54.97538581848107
18.5,56.77418491086824
18.5,50.42555541133815
18.5,50.14542315556015
18.5,51.69883493868436
18.5,54.441607222560805
18.5,50.47111557495597
18.5,56.10556006320521
18.5,56.096031206990716
18.5,53.31725225423373
18.5,53.63734658985824
18.5,52.93920353353249
18.5,55.6447866601947
18.5,49.63345196214867
18.5,52.56870910307605
18.5,52.003564877976196
18.5,51.17868950595518
18.5,51.70340533396993
18.5,58.254719204190486
18.5,51.53337070084755
18.5,53.81170042854862
18.5,57.78555813814636
18.5,55.0900201230055
18.5,63.090085560755895
18.5,54.709545779421966
18.5,51.73682399585505
18.5,57.99089590633616
18.5,55.05896909694516
18.5,55.310783403424395
18.5,52.57164268346704
18.5,55.56270319876483
18.5,53.6595251281534
18.5,58.846898635647214
18.5,59.429730112796626
18.5,56.02288276376884
18.5,59.01351950260924
18.5,55.138177588490926
18.5,51.066308837235724
18.5,52.70346688468519
18.5,54.92864641811252
18.5,57.2380247972545
18.5,55.39648896097208
18.5,57.28822502447058
18.5,52.208217125964474
18.5,59.14608057511903
18.5,54.84819794045528
18.5,53.741151640459066
18.5,50.48578108537811
18.5,58.42032418633146
18.5,60.89062555808061
18.5,56.69462858989046
18.5,52.535808808317206
18.5,52.79279054411087
18.5,53.286361454292106
18.5,54.847628057065734
18.5,59.767655535977674
18.5,58.46214538168845
18.5,54.07544680666916
18.5,57.86198916162642
18.5,56.94496968455456
18.5,56.29273802432
18.5,53.047090088312466
18.5,55.13945567048693
18.5,52.90477379464723
18.5,55.68484112955758
18.5,52.09986285412725
18.5,53.158843879290856
18.5,58.486007164818844
18.5,59.52139870442744
18.5,50.0833281217742
18.5,53.068757364273026
18.5,49.592234397039434
18.5,54.386204380944584
18.5,61.60103862541821
18.5,53.60777024816021
18.5,57.04102307575394
18.5,55.78490501742022
18.5,56.62888077194812
18.5,54.80005013204358
18.5,53.080004886157276
18.5,49.762744945836545
18.5,54.39104417165035
18.5,55.086338702572554
18.5,55.38234842329808
19,35.93018436216272
19,35.93018436152544
19,41.46197483331525
19,46.042424901054574
19,41.022564339543784
19,35.930184361411925
19,47.48666485784569
19,43.802946174065156
19,41.29556612118798
19,37.57364313362129
19,42.50974200133453
19,47.12480809710261
19,43.259422268514015
19,42.534722269287485
19,40.27315290679356
19,35.97370931901638
19,36.203125626120055
19,36.7780035950076
19,37.127796424668915
19,42.76882248666283
19,45.70985993401924
19,35.93018436141272
19,39.55839789747185
19,35.930184361374685
19,44.371056338079214
19,46.05113941973684
19,43.75915102424
19,38.34727648001218
19,43.650878567035086
19,40.440310114209936
19,41.65223937636383
19,35.93018436137667
19,46.07211830647194
19,40.59421092830375
19,43.04830157370641
19,44.48188469741455
19,35.93018436137533
19,44.91145378465797
19,46.84191670980217
19,45.8068024982831
19,40.09518523635569
19,35.93018436136807
19,39.12125034352576
19,40.528910557672894
19,35.930184361378295
19,40.06189994547931
19,44.09992558883093
19,37.08318875149524
19,41.680329043744806
19,46.33828152767309
19,45.135606417833266
19,41.58306662647461
19,41.655411717329244
19,44.09596442744937
19,36.365278263901935
19,42.7585717253385
19,38.195509700192424
19,36.266257097197595
19,42.42893363742705
19,41.50357771782126
19,44.47446924810476
19,46.662743039686454
19,42.68020098527119
19,37.571174337378686
19,43.61645467800991
19,38.19284796676777
19,44.582168414192395
19,38.259306338663336
19,37.340136248210186
19,38.8854666748419
19,43.660944207103185
19,35.93018436143522
19,38.89115034013141
19,41.72376164599429
19,39.63918317998714
19,36.31266105503037
19,39.381978265948206
19,35.93018436144845
19,48.81390676087963
19,35.93018436138414
19,35.93018436145311
19,45.677455583517876
19,41.91607950736276
19,35.9301843613899
19,48.300264046862296
19,39.50792686044451
19,37.75214792676363
19,41.73544477046116
19,49.71006404686936
19,46.87965943156393
19,36.219162911608024
19,42.38245398601526
19,43.13724099930856
19,47.42764072617612
19,41.45141045676826
19,41.638794374020165
19,39.49574953325564
19,45.9701484629086
19,45.27706612609449
19,40.86591279601311
19,43.24742419355179
19,41.004480468695846
19,46.848856210448034
19,38.55309486906573
19,37.80799576776174
19,44.876602627702496
19,43.77411624777276
19,44.896320605415625
19,35.93018436142758
19,35.930184361365214
19,40.98464011409768
19,47.76131509837573
19,35.93018436139375
19,45.54904354270749
19,45.814475318309924
19,39.590586196767326
19,35.93018436138487
19,46.71288116807214
19,48.41618905952512
19,36.17065417984405
19,39.439048215818836
19,35.93018436136645
19,47.59703808210795
19,43.74250242868485
19,39.490209521590835
19,38.796304661489074
19,45.45012262599128
19,41.139581133583384
19,39.887823755290825
19,41.86245699275546
19,35.930184361404386
19,41.76682604495369
19,38.49909483828579
19,39.39977127566842
19,35.93018436140345
19,36.27926105252776
19,35.93018436141516
19,35.930184361527246
19,39.6332201716258
19,38.03398148395974
19,39.520503183480514
19,36.37920571788135
19,35.93018436143602
19,42.6227564913309
19,41.7795520768483
19,35.9301843613944
19,40.69241651017815
19,43.2179078471471
19,43.081193074849615
19,39.471885416222264
19,44.93704636756677
19,36.19960953506986
19,41.402465270577004
19,42.97048902718068
19,46.290640214419135
19,36.536040476426486
19,41.92086608520351
19,42.11121600301022
19,41.293387644347725
19,36.65752845806285
19,44.48103536704598
19,38.3180024743771
19,39.47699551217688
19,36.8557707579472
19,44.58124689526105
19,43.26264363206851
19,48.79679915100787
19,49.01568773847758
19,43.84232293860221
19,37.054739156945814
19,49.18282418375047
19,35.930184361385315
19,35.930184361449925
19,39.027326117874495
19,38.34644940891863
19,38.955693241914744
19,35.93187398893597
19,40.14677700728252
19,35.93018436151436
19,37.213181846147734
19,41.18600562349027
19,47.148812023750246
19,41.38681984176807
19,42.8671063747356
19,35.93018436139601
19,47.091657716715055
19,41.67439993787425
19,45.63203450416533
19,40.983208596255636
19,35.93018436137926
19,42.644756449075906
19,40.133610053962485
19,40.13545036337576
19,41.29841650778217
19,45.80790916929715
19,50.39144008767776
19,36.835193027595565
19,47.39742390731289
19,46.19444258275989
19,43.731920806349976
19,39.1174628503564
19,48.20724507485543
19,35.93018436136582
19,36.24735529429562
19,44.60592710877922
19,40.46265370081083
19,37.95349318248107
19,38.43021796020852
19,38.31115869412187
19,35.93018436148332
19,43.40513513404791
19,38.764265993232705
19,37.95639852822106
19,41.96520561097543
19,40.02063762049433
19,43.77665831570255
19,36.237440981134064
19,42.78137492469964
19,44.459715523955055
19,35.930184361692824
19,36.08296933052127
19,35.93018436140608
19,40.93524670879028
19,36.42224703275632
19,40.12604422849041
19,46.70637132270527
19,49.005597711971696
19,44.620918378551245
19,35.93018436137115
19,36.92878111466229
19,40.56830972545778
19,40.111165748092574
19,42.342073989388446
19,35.930184361365896
19,36.104571734193826
19,35.93018436183236
19,41.9033203105352
19,44.85257207443464
19,43.674840551787575
19,40.878887488676554
19,46.0404136978451
19,41.54185062017607
19,41.70740401300477
19,41.64536921285478
19,43.12119344279298
19,41.15193364761175
19,39.88896962345682
19,40.828595027102324
19,45.521216159255594
19,35.93018436136567
19,39.74878908600604
19,36.34575389873813
19,35.93018436139696
19,37.68354062200097
19,42.28294008484919
19,45.030633193333635
19,44.23778676193909
19,44.0924063413764
19,37.728721698314054
19,40.18237668640235
19,46.67690826358065
19,37.1887326755951
19,43.281700140706846
19,43.133607416035495
19,41.77511734529862
19,39.462744979972314
19,41.67640736553458
19,49.71381201244915
19,39.86153047741128
19,40.02344348619004
19,39.62252008302703
19,44.21040885574352
19,47.931266471158146
19,39.171408097471456
19,37.773522975212785
19,45.34087015274796
19,36.756157897907116
19,35.93018436166915
19,35.93018436137849
19,39.815269145842215
19,37.09839161493275
19,36.56948132691032
19,35.93018436144678
19,39.68789058679389
19,45.55624568241939
19,44.930936962529444
19,42.14390208702026
19,36.91686467529716
19,42.03432292734083
19,40.586761773343135
19,41.26281804427844
19,44.56850286010826
19,41.2924634502362
19,38.605770128546304
19,41.131225975634955
19,37.82222220448972
19,35.930184361393415
19,49.575742813964936
19,46.30597436572195
19,46.30128021123646
19,43.19451663906341
19,38.166260364744744
19,43.764429536106135
19,39.45877092870716
19,46.58152074621496
19,40.84694854365559
19,39.17079187790121
19,43.617361250368596
19,40.12810355466673
19,39.384282346667035
19,41.4702638688813
19,44.141451297825526
19,42.59138358641052
19,43.02091754270426
19,41.44014646474436
19,37.07960948119256
19,44.59911804830512
19,41.90865161520508
19,44.7246129614983
19,43.10761235902963
19,43.87150562869385
19,48.12274429002294
19,37.23872770439608
19,38.5497690001965
19,35.9301843614042
19,45.045914998147616
19,35.9301843613727
19,35.930184361385486
19,44.69825757136403
19,42.8017436236235
19,39.526582010984505
19,44.947593849104756
19,46.01692285224794
19,40.90743105737971
19,38.77815159843629
19,40.68689054974491
19,46.51124393753493
19,41.24851327935871
19,38.234735693184675
19,40.30597880957988
19,36.872255956211866
19,39.58516429861488
19,44.76907590453952
19,36.33268882486151
19,35.93018436138491
19,43.22460201721186
19,41.84984648642443
19,48.08345051534595
19,44.68699486816637
19,41.75718483917771
19,35.930184361445654
19,41.68171022239034
19,39.60197297438007
19,35.930184361366656
19,44.92687217101985
19,42.81853024060807
19,39.74540398647849
19,41.039310026209144
19,38.53178596332594
19,35.93018436136791
19,39.71377080269522
19,45.346365847188565
19,39.95922587589946
19,36.32405882467743
19,35.9301843614038
19,40.509366490143215
19,47.179779245565065
19,45.30062106387488
19,42.66656793857228
19,36.31933151033691
19,40.59188846238168
19,42.503014876995
19,35.93018436142973
19,41.09656097299629
19,42.2832067313051
19,38.16056150779666
19,45.67090771759781
19,45.75756730124269
19,40.87603730322337
19,41.40643417573185
19,52.409916672772844
19,41.15603046515581
19,44.404302325174
19,36.27684559838797
19,37.402520301999886
19,43.778274924132965
19,35.9301843613657
19,43.88963751077234
19,42.41092406522344
19,47.57616436628166
19,47.37516891876681
19,37.69644909567947
19,44.840911494480515
19,49.21519974991603
19,39.22818624122519
19,41.09898787093001
19,42.81843539214709
19,46.72866013213363
19,39.61922377539998
19,45.65433220575606
19,40.64412690953259
19,35.930184361364944
19,35.930184361379574
19,35.93018436137481
19,35.930184361406184
19,38.72461081996085
19,37.563982060136276
19,36.12352327157638
19,40.2806898530165
19,43.03035114014694
19,41.37153337771165
19,44.62888600991454
19,42.0188509711331
19,36.62177322553782
19,38.092286072736925
19,35.93018436141706
19,42.02858311142069
19,43.17668763552429
19,35.93018436137738
19,36.58086514318356
19,39.06903025188227
19,35.930184361411726
19,49.29181853150175
19,45.35559632000957
19,41.02242929138233
19,40.37675925457272
19,41.80177334552351
19,51.317601854740495
19,36.24233756166598
19,39.59658493541912
19,36.31211210759156
19,44.585945903606614
19,41.205418798029804
19,40.60323499559937
19,42.870941165879664
19,44.27257438218859
19,44.117006691078515
19,45.029759369673386
19,43.52348838222254
19,42.05027417159739
19,38.03130732475715
19,35.930184361469564
19,40.20171746824118
19,36.46899281159439
19,39.811629962173946
19,44.769119041109334
19,41.10523903338214
19,42.43278834359982
19,39.41813417747319
19,42.42617856904931
19,44.2089698439693
19,35.930184361507905
19,40.81582502137884
19,48.46709030465682
19,39.854443394934556
19,39.35845170902358
19,38.5641264996114
19,35.93018436137809
19,47.38321938560373
19,41.527666663717284
19,35.93018436137297
19,36.33493996315313
19,44.62227632501105
19,44.54634046885256
19,39.5941238281838
19,48.8818920848863
19,36.20776111924943
19,45.12644714740241
19,35.93018436138242
19,37.18094262367406
19,42.06119691961137
19,39.67674410108924
19,39.48025289463014
19,41.27959947017502
19,43.3775530723182
19,35.93018436139052
19,44.3374305734816
19,38.929514557123525
19,36.5579234025175
19,45.6263170295157
19,38.318097887564264
19,36.78648040502301
19,44.70072827645394
19,36.60927387132574
19,50.091106127870795
19,36.46683003149552
19,47.28644396943691
19,35.93018436145012
19,43.80322566581819
19,39.70953473910792
19,40.430627678729316
19,43.51585386484101
19,40.52903539419161
19,44.31444343048533
19,39.01084355915881
19,43.692147790903455
19,45.53696230895794
19,41.007201759284705
19,36.79640767010202
19,36.07664487278931
19,39.809968250446644
19,47.929482068957896
19,43.48264331975764
19,40.102794078189675
19,40.06765326611147
19,46.50288930392257
19,41.152007252571224
19,36.21300956844597
19,46.717681051839435
19,39.22495267816976
19,49.50880951638285
19,47.259066364536
19,43.06480652279521
19,42.38933630521458
19,38.91406756256802
19,38.48918333271823
19,37.13236033342046
19,41.112272332843524
19,40.403918169784234
19,36.905411535992286
19,53.90301807109527
19,38.90065970477616
19,35.93018436144366
19,37.15966777551723
19,39.49268106118862
19,41.93776415816068
19,43.42295546270766
19,37.930168931341555
19,39.70377145795547
19,35.93018436146011
19,36.78627656182252
19,41.27595350325919
19,35.930184361453385
19,52.95092443852114
19,47.07418330521016
19,39.69323529557723
19,41.88572537841439
19,42.42297530979844
19,41.41869384501336
19,48.08378843935141
19,46.23529822268719
19,44.46504489306769
19,43.43558650402853
19,49.487825490607804
19,41.52574924842167
19,43.812613583987066
19,42.556618527952445
19,38.28692861228128
19,37.706920942182606
19,45.16131382438918
19,40.85797695040509
19,35.930184361375844
19,36.641497172294265
19,37.15171339712916
19,44.33128072488503
19,36.84019119483632
19,46.24450223975595
19,42.21422713142968
19,49.360389155666894
19,44.58167139492516
19,44.37424486148212
19,47.87212624420022
19,36.99454859015187
19,36.19475977174879
19,46.65419815157917
19,36.1174887518188
19,40.987599779827406
19,39.785032965997125
19,44.22948654576979
19,46.34451551112839
19,43.052956791384524
19,35.973652656104925
19,41.238555227861696
19,35.930184361417815
19,41.158525635308614
19,45.035481477244545
19,42.59834331797194
19,42.91314820133187
19,35.930184361408614
19,42.87213774386112
19,42.70619459965965
19,45.96670749812304
19,41.776462436194144
19,47.98500952006624
19,43.76228232961793
19,35.9301843614201
19,45.50580484001723
19,40.92128443364202
19,46.30038236024794
19,45.514604479449325
19,39.54069423908862
19,43.83948033004888
19,46.04736006143893
19,36.50705899002887
19,39.39652459426268
19,40.667423354054065
19,37.419840159938815
19,40.757397452687954
19,49.37710171514338
19,42.21857114042517
19,45.236787793400964
19,40.1899565854281
19,39.553515004272754
19,42.15081755731983
19,35.93018436137256
19,47.08186473305452
19,35.93018436141039
19,40.14271392103999
19,41.74265224302334
19,41.7383285527006
19,40.77083430559204
19,39.03717501066303
19,47.56600425259111
19,41.0181619137503
19,48.3391356541988
19,38.75146039738225
19,47.89847399778598
19,44.96532609125849
19,47.00623391223942
19,36.325356215284266
19,38.11840475320184
19,35.930184361407335
19,46.11210852185117
19,35.930184361367125
19,39.36915689870612
19,41.59599346146737
19,35.930184361412145
19,40.908726912501706
19,42.40590538152867
19,46.33509948672732
19,35.930184361364816
19,40.060306278408255
19,35.930184361382196
19,40.41183310297239
19,40.61770828660618
19,46.43528706673924
19,40.63645940062374
19,35.93018436136467
19,38.94399146143238
19,39.8813350480575
19,45.8036847157864
19,43.264423105953604
19,42.83513908071438
19,38.80908556745762
19,44.97200407018833
19,41.130924220794924
19,38.78668551452391
19,40.48125514940147
19,35.93018436166603
19,42.01479680784152
19,42.961871185110034
19,38.760624391638686
19,39.12428087008632
19,40.12644462265543
19,37.63012902715892
19,43.99991686182059
19,41.825780813084165
19,39.425606821276226
19,35.930184361466544
19,42.144440162449946
19,40.9343626429987
19,35.93018436140485
19,37.16541724312213
19,42.91603001206384
19,36.72516316458366
19,43.779528575534165
19,46.562366332883855
19,36.96436194115268
19,37.79187166135991
19,50.334120341727306
19,43.08682310565959
19,36.41866682439335
19,40.915685385809034
19,46.33322103671696
19,39.44646508476889
19,43.10681037455902
19,48.19877429593171
19,43.967382490373176
19,45.812172554456176
19,49.56887414524612
19,43.968980278540336
19,45.60690715675194
19,37.53609292640087
19,45.49492394820875
19,40.99321685027627
19,35.93018436137057
19,35.93018436142001
19,41.86467618923449
19,38.98341025467322
19,37.4736115553296
19,43.515674708407964
19,35.93018436179097
19,46.79469832599977
19,41.854056726859895
19,38.495902711492775
19,36.42560411734947
19,36.25210423057373
19,36.88600801186135
19,36.47799772948801
19,40.4798489253666
19,43.339813496458525
19,46.80170836753183
19,46.72794897235071
19,46.53302099941452
19,46.71145746324604
19,39.10278766351316
19,38.2934883264774
19,41.783365585845644
19,35.930184361374494
19,36.23716135184429
19,35.93018436136487
19,37.696057475903885
19,35.930184361840126
19,43.39848319554834
19,48.26705554812258
19,42.751825222437034
19,45.606360829067945
19,35.93018436136635
19,39.64975742732237
19,36.65321486792734
19,48.178118971652495
19,38.88216977041158
19,40.909858741077045
19,47.421499237677025
19,45.04986956577257
19,38.359602146835634
19,42.29693077927216
19,36.69909098648488
19,39.71846823673185
19,47.28283355125438
19,44.20060844800168
19,39.31426759823484
19,38.864907992447876
19,40.83610536773701
19,39.46158509716527
19,45.45921007385409
19,36.32120726972294
19,44.26028816212586
19,39.56891087985608
19,41.668186544392405
19,35.93018436142511
19,45.156624239472244
19,49.81414604717291
19,41.66187732663183
19,38.42570923081321
19,35.93018436137029
19,42.06469477025658
19,44.735732437461316
19,35.930184361385
19,42.23731498671437
19,43.180965149378814
19,41.86266448760098
19,39.497469635246
19,45.16391092680992
19,46.13802812101949
19,45.89299436454053
19,36.8508834227783
19,35.930184361397636
19,35.9301843613856
19,42.916596452552305
19,47.167880778582855
19,41.269802279004104
19,43.70405353362901
19,44.290142405035326
19,35.930184361377734
19,35.93018436142359
19,37.42446099197083
19,40.229207457954516
19,42.273366204048656
19,36.52530267734396
19,42.74246913906621
19,45.664529266371524
19,44.32490534385693
19,50.65817843195304
19,47.30758351353045
19,45.307117453391875
19,35.93018436141078
19,35.93018436138011
19,42.653514718008644
19,44.84010781819023
19,43.29521932178681
19,35.93018436136535
19,45.268729917621044
19,35.930184361405274
19,43.43725401977848
19,49.420487157672625
19,41.46622936173443
19,35.930184361389145
19,48.710020329713544
19,38.934300648949836
19,42.029059433311716
19,35.930184361367495
19,42.5062111210237
19,39.361392425619236
19,42.26367136621429
19,43.66552688219343
19,41.31083980196491
19,36.74411214349977
19,41.09651409684021
19,39.86019288652563
19,43.76233626789496
19,40.113967478059934
19,36.94604675622682
19,39.59659003184252
19,44.07031675614126
19,35.930184361386836
19,43.49412078811037
19,39.11627440467432
19,36.19495691294386
19,44.14121236810566
19,42.1978446245094
19,44.90968395512606
19,41.04928977992617
19,39.131969666136875
19,42.09814244528739
19,35.93018436142879
19,35.93018436136521
19,46.949617158828545
19,39.72447161756177
19,47.175387234191156
19,42.874240275589536
19,36.36616877846549
19,43.85310525174652
19,39.60858688236378
19,36.048460664093
19,41.44967116966444
19,38.32321899582121
19,41.051993872303655
19,39.75717495475072
19,35.93018436137892
19,41.29986676389458
19,36.42785518727684
19,41.813478686156145
19,44.86214574473992
19,40.47203000561506
19,35.930184361372866
19,36.7289052522839
19,42.621798271128924
19,42.908575289964226
19,36.46374709194207
19,37.896598116569486
19,47.744112351232715
19,36.24465308805077
19,45.20731111978809
19,46.73742176974159
19,44.752255463583964
19,38.2902920973973
19,36.575532079398826
19,38.8841885426144
19,44.23088719037961
19,42.4374674280598
19,38.49098314809353
19,42.02308613250345
19,44.450447234934366
19,35.93018436138707
19,40.663319194076635
19,47.17013411411236
19,35.930184361383226
19,35.930184361375105
19,40.64852202678708
19,38.88234507733889
19,39.884422082054265
19,50.04125068504045
19,35.930184361365114
19,35.93018436136492
19,35.930184361367814
19,40.64583779540368
19,41.652639852169564
19,40.51156478061811
19,35.93018436136466
19,43.04427630766462
19,41.69001550164039
19,44.91799143125648
19,45.475771357959836
19,41.87901111319525
19,36.73868031893227
19,39.528480411533934
19,44.88609679964765
19,35.93018436139693
19,47.622028504354724
19,43.7626590211503
19,36.768829848649126
19,42.37082038174864
19,38.004479437671
19,46.624724254381306
19,40.45187397993337
19,40.93743431811646
19,40.40699680615425
19,43.4585690517883
19,35.93018436136903
19,35.930184361367466
19,39.85832082657979
19,45.30670236411202
19,42.83322258637188
19,35.93018436138432
19,39.84025062202532
19,35.93018436140522
19,38.735909185093355
19,36.242541560508506
19,44.40540171683702
19,39.372742144903846
19,46.81303113925663
19,40.81281793139166
19,35.93018436149744
19,39.65572341719516
19,45.53812516959718
19,41.04225803108493
19,46.143159396630416
19,49.24497343401853
19,41.892996083639815
19,42.76826492032263
19,44.004874571771296
19,40.559200433644214
19,35.93018436137119
19,41.34339278219153
19,45.34422286594531
19,47.67096992875792
19,44.550997783177365
19,40.24987373322846
19,37.85695657508648
19,43.79707908049515
19,44.24169727524463
19,41.280161411769434
19,36.5076370529176
19,43.34120457815557
19,46.047615365572796
19,41.77041107266971
19,42.64846152894686
19,36.68202288307359
19,43.7633168884449
19,35.9301843614401
19,40.7802575689176
19,35.9301843614134
19,42.57956243873475
19,39.03668153032675
19,36.89007975119433
19,38.89091484942134
19,42.59578487172758
19,40.48425341560039
19,44.53742706808478
19,41.83614847618897
19,36.53706617441683
19,41.76301982822097
19,49.93053170997023
19,41.19493314834576
19,36.37231295881476
19,52.405068188002815
19,35.93018436138091
19,36.41652972547062
19,37.4244384550998
19,37.87801979933998
19,41.403838862368815
19,42.47923040368524
19,35.93018436137685
19,38.64620504991617
19,41.28011907663627
19,41.73890049781007
19,35.93018436140132
19,40.501855317892534
19,35.930184361404756
19,35.93018436136877
19,39.39029125453786
19,38.4146920671836
19,38.13727092006411
19,38.82144337185118
19,35.975333491813906
19,35.93018436136489
19,41.1713473873537
19,40.47774219607197
19,37.001397741771676
19,50.207198356249435
19,41.37431635934499
19,41.69572636189453
19,35.9301843613722
19,37.18005093169987
19,35.9301843614117
19,43.4356909451608
19,42.069295682048626
19,41.65324040734037
19,35.93018436136688
19,36.488587993063604
19,41.45036714218255
19,35.93018436138766
19,36.723949809566705
19,39.286602636191795
19,45.92004160106225
19,44.71913182437048
19,39.95293012755004
19,36.99529159420731
19,44.38303801168577
19,42.57049118091696
19,40.28105194937777
19,42.004424446876556
19,39.69410702698582
19,40.297078982868996
19,38.13066169512361
19,39.78026234901224
19,40.13252402101081
19,45.75346708891252
19,40.21506213793175
